{
    "af": "afrikaans-afribooms-ud-2.5-191206.udpipe",
    "hy": "armenian-armtdp-ud-2.5-191206.udpipe",
    "eu": "basque-bdt-ud-2.5-191206.udpipe",
    "be": "belarusian-hse-ud-2.5-191206.udpipe",
    "grc": "ancient_greek-perseus-ud-2.5-191206.udpipe",
    "grc-perseus": "ancient_greek-perseus-ud-2.5-191206.udpipe",
    "grc-proiel": "ancient_greek-proiel-ud-2.5-191206.udpipe",
    "ca": "catalan-ancora-ud-2.5-191206.udpipe",
    "zh": "chinese-gsd-ud-2.5-191206.udpipe",
    "zh-gsdsimp": "chinese-gsdsimp-ud-2.5-191206.udpipe",
    "lzh": "classical_chinese-kyoto-ud-2.5-191206.udpipe",
    "ar": "arabic-padt-ud-2.5-191206.udpipe",
    "bg": "bulgarian-btb-ud-2.5-191206.udpipe",
    "cs": "czech-pdt-ud-2.5-191206.udpipe",
    "cs-pdt": "czech-pdt-ud-2.5-191206.udpipe",
    "cs-cac": "czech-cac-ud-2.5-191206.udpipe",
    "cs-fictree": "czech-fictree-ud-2.5-191206.udpipe",
    "cs-cltt": "czech-cltt-ud-2.5-191206.udpipe",
    "hr": "croatian-set-ud-2.5-191206.udpipe",
    "coptic": "coptic-scriptorium-ud-2.5-191206.udpipe",
    "nl": "dutch-alpino-ud-2.5-191206.udpipe",
    "nl-alpino": "dutch-alpino-ud-2.5-191206.udpipe",
    "nl-lassysmall": "dutch-lassysmall-ud-2.5-191206.udpipe",
    "da": "danish-ddt-ud-2.5-191206.udpipe",
    "et": "estonian-edt-ud-2.5-191206.udpipe",
    "et-edt": "estonian-edt-ud-2.5-191206.udpipe",
    "et-ewt": "estonian-ewt-ud-2.5-191206.udpipe",
    "en": "english-ewt-ud-2.5-191206.udpipe",
    "en-ewt": "english-ewt-ud-2.5-191206.udpipe",
    "en-gum": "english-gum-ud-2.5-191206.udpipe",
    "en-lines": "english-lines-ud-2.5-191206.udpipe",
    "en-partut": "english-partut-ud-2.5-191206.udpipe",
    "fr": "french-gsd-ud-2.5-191206.udpipe",
    "fr-gsd": "french-gsd-ud-2.5-191206.udpipe",
    "fr-partut": "french-partut-ud-2.5-191206.udpipe",
    "fr-sequoia": "french-sequoia-ud-2.5-191206.udpipe",
    "fr-spoken": "french-spoken-ud-2.5-191206.udpipe",
    "fro": "old_french-srcmf-ud-2.5-191206.udpipe",
    "fi": "finnish-tdt-ud-2.5-191206.udpipe",
    "fi-tdt": "finnish-tdt-ud-2.5-191206.udpipe",
    "fi-ftb": "finnish-ftb-ud-2.5-191206.udpipe",
    "de": "german-gsd-ud-2.5-191206.udpipe",
    "de-hdt": "german-hdt-ud-2.5-191206.udpipe",
    "gl": "galician-ctg-ud-2.5-191206.udpipe",
    "gl-ctg": "galician-ctg-ud-2.5-191206.udpipe",
    "gl-treegal": "galician-treegal-ud-2.5-191206.udpipe",
    "el": "greek-gdt-ud-2.5-191206.udpipe",
    "got": "gothic-proiel-ud-2.5-191206.udpipe",
    "hu": "hungarian-szeged-ud-2.5-191206.udpipe",
    "hi": "hindi-hdtb-ud-2.5-191206.udpipe",
    "he": "hebrew-htb-ud-2.5-191206.udpipe",
    "it": "italian-isdt-ud-2.5-191206.udpipe",
    "it-isdt": "italian-isdt-ud-2.5-191206.udpipe",
    "it-partut": "italian-partut-ud-2.5-191206.udpipe",
    "it-postwita": "italian-postwita-ud-2.5-191206.udpipe",
    "it-vit": "italian-vit-ud-2.5-191206.udpipe",
    "it-twittiro": "italian-twittiro-ud-2.5-191206.udpipe",
    "ga": "irish-idt-ud-2.5-191206.udpipe",
    "id": "indonesian-gsd-ud-2.5-191206.udpipe",
    "la": "latin-ittb-ud-2.5-191206.udpipe",
    "la-ittb": "latin-ittb-ud-2.5-191206.udpipe",
    "la-proiel": "latin-proiel-ud-2.5-191206.udpipe",
    "la-perseus": "latin-perseus-ud-2.5-191206.udpipe",
    "ko": "korean-kaist-ud-2.5-191206.udpipe",
    "ko-kaist": "korean-kaist-ud-2.5-191206.udpipe",
    "ko-gsd": "korean-gsd-ud-2.5-191206.udpipe",
    "ja": "japanese-gsd-ud-2.5-191206.udpipe",
    "lt": "lithuanian-alksnis-ud-2.5-191206.udpipe",
    "lt-alksnis": "lithuanian-alksnis-ud-2.5-191206.udpipe",
    "lt-hse": "lithuanian-hse-ud-2.5-191206.udpipe",
    "lv": "latvian-lvtb-ud-2.5-191206.udpipe",
    "nn": "norwegian-nynorsk-ud-2.5-191206.udpipe",
    "nn-nynorsk": "norwegian-nynorsk-ud-2.5-191206.udpipe",
    "nn-nynorsklia": "norwegian-nynorsklia-ud-2.5-191206.udpipe",
    "nb": "norwegian-bokmaal-ud-2.5-191206.udpipe",
    "se": "north_sami-giella-ud-2.5-191206.udpipe",
    "mr": "marathi-ufal-ud-2.5-191206.udpipe",
    "mt": "maltese-mudt-ud-2.5-191206.udpipe",
    "fa": "persian-seraji-ud-2.5-191206.udpipe",
    "cu": "old_church_slavonic-proiel-ud-2.5-191206.udpipe",
    "ro": "romanian-rrt-ud-2.5-191206.udpipe",
    "ro-rrt": "romanian-rrt-ud-2.5-191206.udpipe",
    "ro-nonstandard": "romanian-nonstandard-ud-2.5-191206.udpipe",
    "pt": "portuguese-gsd-ud-2.5-191206.udpipe",
    "pt-gsd": "portuguese-gsd-ud-2.5-191206.udpipe",
    "pt-bosque": "portuguese-bosque-ud-2.5-191206.udpipe",
    "pl": "polish-pdb-ud-2.5-191206.udpipe",
    "pl-pdb": "polish-pdb-ud-2.5-191206.udpipe",
    "pl-lfg": "polish-lfg-ud-2.5-191206.udpipe",
    "sr": "serbian-set-ud-2.5-191206.udpipe",
    "ru": "russian-syntagrus-ud-2.5-191206.udpipe",
    "ru-syntagrus": "russian-syntagrus-ud-2.5-191206.udpipe",
    "ru-gsd": "russian-gsd-ud-2.5-191206.udpipe",
    "ru-taiga": "russian-taiga-ud-2.5-191206.udpipe",
    "orv": "old_russian-torot-ud-2.5-191206.udpipe",
    "gd": "scottish_gaelic-arcosg-ud-2.5-191206.udpipe",
    "es": "spanish-ancora-ud-2.5-191206.udpipe",
    "es-ancora": "spanish-ancora-ud-2.5-191206.udpipe",
    "es-gsd": "spanish-gsd-ud-2.5-191206.udpipe",
    "sl": "slovenian-ssj-ud-2.5-191206.udpipe",
    "sl-ssj": "slovenian-ssj-ud-2.5-191206.udpipe",
    "sl-sst": "slovenian-sst-ud-2.5-191206.udpipe",
    "sk": "slovak-snk-ud-2.5-191206.udpipe",
    "uk": "ukrainian-iu-ud-2.5-191206.udpipe",
    "tr": "turkish-imst-ud-2.5-191206.udpipe",
    "te": "telugu-mtg-ud-2.5-191206.udpipe",
    "ta": "tamil-ttb-ud-2.5-191206.udpipe",
    "sv": "swedish-talbanken-ud-2.5-191206.udpipe",
    "sv-talbanken": "swedish-talbanken-ud-2.5-191206.udpipe",
    "sv-lines": "swedish-lines-ud-2.5-191206.udpipe",
    "wo": "wolof-wtb-ud-2.5-191206.udpipe",
    "vi": "vietnamese-vtb-ud-2.5-191206.udpipe",
    "ug": "uyghur-udt-ud-2.5-191206.udpipe",
    "ur": "urdu-udtb-ud-2.5-191206.udpipe"
}
